/*M!999999\- enable the sandbox mode */ 
-- MariaDB dump 10.19  Distrib 10.11.14-MariaDB, for debian-linux-gnu (x86_64)
--
-- Host: localhost    Database: manutencao
-- ------------------------------------------------------
-- Server version	10.11.14-MariaDB-0+deb12u2

/*!40101 SET @OLD_CHARACTER_SET_CLIENT=@@CHARACTER_SET_CLIENT */;
/*!40101 SET @OLD_CHARACTER_SET_RESULTS=@@CHARACTER_SET_RESULTS */;
/*!40101 SET @OLD_COLLATION_CONNECTION=@@COLLATION_CONNECTION */;
/*!40101 SET NAMES utf8mb4 */;
/*!40103 SET @OLD_TIME_ZONE=@@TIME_ZONE */;
/*!40103 SET TIME_ZONE='+00:00' */;
/*!40014 SET @OLD_UNIQUE_CHECKS=@@UNIQUE_CHECKS, UNIQUE_CHECKS=0 */;
/*!40014 SET @OLD_FOREIGN_KEY_CHECKS=@@FOREIGN_KEY_CHECKS, FOREIGN_KEY_CHECKS=0 */;
/*!40101 SET @OLD_SQL_MODE=@@SQL_MODE, SQL_MODE='NO_AUTO_VALUE_ON_ZERO' */;
/*!40111 SET @OLD_SQL_NOTES=@@SQL_NOTES, SQL_NOTES=0 */;

--
-- Table structure for table `alembic_version`
--

DROP TABLE IF EXISTS `alembic_version`;
/*!40101 SET @saved_cs_client     = @@character_set_client */;
/*!40101 SET character_set_client = utf8mb4 */;
CREATE TABLE `alembic_version` (
  `version_num` varchar(32) NOT NULL,
  PRIMARY KEY (`version_num`)
) ENGINE=InnoDB DEFAULT CHARSET=utf8mb4 COLLATE=utf8mb4_unicode_ci;
/*!40101 SET character_set_client = @saved_cs_client */;

--
-- Dumping data for table `alembic_version`
--

LOCK TABLES `alembic_version` WRITE;
/*!40000 ALTER TABLE `alembic_version` DISABLE KEYS */;
INSERT INTO `alembic_version` VALUES
('0342615a75d2');
/*!40000 ALTER TABLE `alembic_version` ENABLE KEYS */;
UNLOCK TABLES;

--
-- Table structure for table `historico_bloqueio`
--

DROP TABLE IF EXISTS `historico_bloqueio`;
/*!40101 SET @saved_cs_client     = @@character_set_client */;
/*!40101 SET character_set_client = utf8mb4 */;
CREATE TABLE `historico_bloqueio` (
  `id` int(11) NOT NULL AUTO_INCREMENT,
  `veiculo_id` int(11) NOT NULL,
  `tipo_manutencao` varchar(100) NOT NULL,
  `data_bloqueio` datetime NOT NULL,
  `km_bloqueio` int(11) NOT NULL,
  `liberado` tinyint(1) DEFAULT NULL,
  `data_liberacao` datetime DEFAULT NULL,
  `manutencao_id` int(11) DEFAULT NULL,
  PRIMARY KEY (`id`),
  KEY `manutencao_id` (`manutencao_id`),
  KEY `veiculo_id` (`veiculo_id`),
  CONSTRAINT `historico_bloqueio_ibfk_1` FOREIGN KEY (`manutencao_id`) REFERENCES `manutencao` (`id`),
  CONSTRAINT `historico_bloqueio_ibfk_2` FOREIGN KEY (`veiculo_id`) REFERENCES `veiculo` (`id`)
) ENGINE=InnoDB AUTO_INCREMENT=2 DEFAULT CHARSET=utf8mb4 COLLATE=utf8mb4_unicode_ci;
/*!40101 SET character_set_client = @saved_cs_client */;

--
-- Dumping data for table `historico_bloqueio`
--

LOCK TABLES `historico_bloqueio` WRITE;
/*!40000 ALTER TABLE `historico_bloqueio` DISABLE KEYS */;
/*!40000 ALTER TABLE `historico_bloqueio` ENABLE KEYS */;
UNLOCK TABLES;

--
-- Table structure for table `log_sistema`
--

DROP TABLE IF EXISTS `log_sistema`;
/*!40101 SET @saved_cs_client     = @@character_set_client */;
/*!40101 SET character_set_client = utf8mb4 */;
CREATE TABLE `log_sistema` (
  `id` int(11) NOT NULL AUTO_INCREMENT,
  `usuario_id` int(11) NOT NULL,
  `acao` varchar(200) NOT NULL,
  `ip` varchar(50) DEFAULT NULL,
  `data` datetime DEFAULT NULL,
  PRIMARY KEY (`id`),
  KEY `usuario_id` (`usuario_id`),
  CONSTRAINT `log_sistema_ibfk_1` FOREIGN KEY (`usuario_id`) REFERENCES `usuario` (`id`)
) ENGINE=InnoDB AUTO_INCREMENT=83 DEFAULT CHARSET=utf8mb4 COLLATE=utf8mb4_unicode_ci;
/*!40101 SET character_set_client = @saved_cs_client */;

--
-- Dumping data for table `log_sistema`
--

LOCK TABLES `log_sistema` WRITE;
/*!40000 ALTER TABLE `log_sistema` DISABLE KEYS */;
INSERT INTO `log_sistema` VALUES
(37,5,'Fez login no sistema','127.0.0.1','2025-10-23 12:04:08'),
(38,5,'Fez login no sistema','206.42.63.44','2025-10-23 13:19:37'),
(39,5,'Visualização do estoque: fogo=, modelo=, desenho=','206.42.63.44','2025-10-23 13:21:59'),
(40,5,'Fez login no sistema','127.0.0.1','2025-10-23 14:20:21'),
(41,5,'Visualização do estoque: fogo=, modelo=, desenho=','127.0.0.1','2025-10-23 14:20:35'),
(42,5,'Visualização do estoque: fogo=, modelo=, desenho=','127.0.0.1','2025-10-23 14:22:16'),
(43,5,'Visualização do estoque: fogo=, modelo=, desenho=','127.0.0.1','2025-10-23 14:22:19'),
(44,5,'Visualização do estoque: fogo=, modelo=, desenho=','127.0.0.1','2025-10-23 14:22:52'),
(45,5,'Cadastro de pneu no estoque: 1548','127.0.0.1','2025-10-23 14:30:20'),
(46,5,'Visualização do estoque: fogo=, modelo=, desenho=','127.0.0.1','2025-10-23 14:30:24'),
(47,5,'Visualização do estoque: fogo=, modelo=, desenho=','127.0.0.1','2025-10-23 14:33:31'),
(48,5,'Visualização do estoque: fogo=, modelo=, desenho=','127.0.0.1','2025-10-23 14:34:34'),
(49,5,'Visualização do estoque: fogo=, modelo=, desenho=','127.0.0.1','2025-10-23 14:35:06'),
(50,5,'Visualização do estoque: fogo=, modelo=, desenho=','127.0.0.1','2025-10-23 14:35:15'),
(51,5,'Visualização do estoque: fogo=, modelo=, desenho=','127.0.0.1','2025-10-23 14:35:42'),
(52,5,'Visualização do estoque: fogo=, modelo=, desenho=','127.0.0.1','2025-10-23 14:36:14'),
(53,5,'Visualização do estoque: fogo=, modelo=, desenho=','127.0.0.1','2025-10-23 14:36:40'),
(54,5,'Visualização do estoque: fogo=, modelo=, desenho=','127.0.0.1','2025-10-23 14:36:58'),
(55,5,'Visualização do estoque: fogo=, modelo=, desenho=','206.42.63.44','2025-10-23 14:37:27'),
(56,5,'Visualização do estoque: fogo=, modelo=, desenho=','127.0.0.1','2025-10-23 14:38:41'),
(57,5,'Visualização do estoque: fogo=, modelo=, desenho=','127.0.0.1','2025-10-23 14:42:10'),
(58,5,'Visualização do estoque: fogo=, modelo=, desenho=','206.42.63.44','2025-10-23 14:49:51'),
(59,5,'Visualização do estoque: fogo=, modelo=, desenho=','206.42.63.44','2025-10-23 14:50:21'),
(60,5,'Visualização do estoque: fogo=, modelo=, desenho=','206.42.63.44','2025-10-23 14:52:33'),
(61,5,'Visualização do estoque: fogo=, modelo=, desenho=','206.42.63.44','2025-10-23 14:59:53'),
(62,5,'Fez login no sistema','206.42.63.44','2025-10-23 15:01:16'),
(63,5,'Fez logout do sistema','2804:389:6029:efd8:0:1f:ae48:4201','2025-10-23 15:24:23'),
(64,5,'Fez login no sistema','2804:389:6029:efd8:0:1f:ae48:4201','2025-10-23 15:24:27'),
(65,14,'Fez login no sistema','189.20.230.226','2025-10-23 15:41:40'),
(66,5,'Fez logout do sistema','206.42.63.44','2025-10-23 16:34:31'),
(67,5,'Fez login no sistema','206.42.63.44','2025-10-23 16:34:37'),
(68,5,'Fez logout do sistema','2804:29b8:5107:41b:9c83:b06d:38ca:7cbe','2025-10-23 17:43:09'),
(69,5,'Fez logout do sistema','2804:29b8:5107:41b:9c83:b06d:38ca:7cbe','2025-10-23 17:43:10'),
(70,5,'Fez login no sistema','187.19.163.170','2025-10-23 22:18:42'),
(71,5,'Fez logout do sistema','206.42.63.44','2025-10-24 07:54:34'),
(72,5,'Fez login no sistema','206.42.63.44','2025-10-24 07:54:42'),
(73,5,'Registrou manutenção INTERMEDIARIA para QGQ9F36 via PDF.','206.42.63.44','2025-10-24 11:09:49'),
(74,5,'Fez login no sistema','206.42.63.44','2025-10-24 13:26:26'),
(75,5,'Fez logout do sistema','206.42.63.44','2025-10-24 13:26:58'),
(76,5,'Fez login no sistema','206.42.63.44','2025-10-24 13:40:55'),
(77,5,'Fez login no sistema','206.42.63.44','2025-10-24 13:41:36'),
(78,5,'Visualização do estoque: fogo=, modelo=, desenho=','206.42.63.44','2025-10-24 15:29:55'),
(79,5,'Fez login no sistema','206.42.63.44','2025-10-25 07:59:33'),
(80,5,'Fez login no sistema','206.42.63.44','2025-10-25 09:35:58'),
(81,5,'Fez logout do sistema','206.42.63.44','2025-10-25 09:47:44'),
(82,5,'Fez login no sistema','206.42.63.44','2025-10-25 09:48:40');
/*!40000 ALTER TABLE `log_sistema` ENABLE KEYS */;
UNLOCK TABLES;

--
-- Table structure for table `manutencao`
--

DROP TABLE IF EXISTS `manutencao`;
/*!40101 SET @saved_cs_client     = @@character_set_client */;
/*!40101 SET character_set_client = utf8mb4 */;
CREATE TABLE `manutencao` (
  `id` int(11) NOT NULL AUTO_INCREMENT,
  `veiculo_id` int(11) NOT NULL,
  `tipo` varchar(50) NOT NULL,
  `motorista` varchar(100) NOT NULL,
  `placa` varchar(10) NOT NULL,
  `modelo` varchar(50) DEFAULT NULL,
  `fabricante` varchar(50) DEFAULT NULL,
  `km_atual` int(11) DEFAULT NULL,
  `km_troca` int(11) DEFAULT NULL,
  `data_troca` date DEFAULT NULL,
  `data_proxima` date DEFAULT NULL,
  `observacoes` text DEFAULT NULL,
  PRIMARY KEY (`id`),
  KEY `veiculo_id` (`veiculo_id`),
  CONSTRAINT `manutencao_ibfk_1` FOREIGN KEY (`veiculo_id`) REFERENCES `veiculo` (`id`)
) ENGINE=InnoDB AUTO_INCREMENT=2 DEFAULT CHARSET=utf8mb4 COLLATE=utf8mb4_unicode_ci;
/*!40101 SET character_set_client = @saved_cs_client */;

--
-- Dumping data for table `manutencao`
--

LOCK TABLES `manutencao` WRITE;
/*!40000 ALTER TABLE `manutencao` DISABLE KEYS */;
INSERT INTO `manutencao` VALUES
(1,18,'INTERMEDIARIA','VALDENI VALDEVINO DE ARAUJO LIMA','QGQ9F36','FH 460','VOLVO',452377,452377,'2025-10-22',NULL,'MANUTENÇÃO VIA PDF. KM: 452377');
/*!40000 ALTER TABLE `manutencao` ENABLE KEYS */;
UNLOCK TABLES;

--
-- Table structure for table `usuario`
--

DROP TABLE IF EXISTS `usuario`;
/*!40101 SET @saved_cs_client     = @@character_set_client */;
/*!40101 SET character_set_client = utf8mb4 */;
CREATE TABLE `usuario` (
  `id` int(11) NOT NULL AUTO_INCREMENT,
  `usuario` varchar(50) NOT NULL,
  `nome` varchar(50) NOT NULL,
  `senha_hash` varchar(200) NOT NULL,
  `tipo` varchar(20) NOT NULL,
  PRIMARY KEY (`id`),
  UNIQUE KEY `usuario` (`usuario`)
) ENGINE=InnoDB AUTO_INCREMENT=15 DEFAULT CHARSET=utf8mb4 COLLATE=utf8mb4_unicode_ci;
/*!40101 SET character_set_client = @saved_cs_client */;

--
-- Dumping data for table `usuario`
--

LOCK TABLES `usuario` WRITE;
/*!40000 ALTER TABLE `usuario` DISABLE KEYS */;
INSERT INTO `usuario` VALUES
(1,'admin','Usuário Master','scrypt:32768:8:1$7q5BggHXTVpLC15r$c4c219d50ec5575cb8afc0557bb386e535730a49b56cd0399ea481f96003eeac34f236e1ea39580c1c2307f26006c90ee99bd76dfe73c2ad2e33467c1031ffee','master'),
(3,'teste','Usuário de Teste','scrypt:32768:8:1$gatgfMJuUAbPvMc4$8f5f453ce43d8daad944b91aed97083c90b2b7280e7b4789fd62b492d0430bd3905b2dec43078b5824639b010a73f457a98b105ce2f52497b03d1c56a893a7f4','teste'),
(4,'laudemir','Laudemir','scrypt:32768:8:1$NUAmxLUjfqNDbmgb$9463430d6cff6d1cd51bf465588978215dfbab1fe7163d002ce5e6f3652ae2624c3dcadc49464d87f329ced9de8590867afa403f2a977db091bc0435470a818a','comum'),
(5,'ornilio','Ornilio','scrypt:32768:8:1$bGSn01XfbwwVzBT7$aeff1df6e635fff3201a52e2728cbfa056d412648a0996076984a621ec954bcc21b4ad70d46d18fc9fb5d10da4ef3cb4e806c78187ade598d291d5a5220210a2','master'),
(6,'janine','Janine','scrypt:32768:8:1$t3UOg5CXV1Q0NkNk$62019dc0eec59d94f8b3e8c2464d7c4f74f61f520976169815be3da9ed353f2ff2675f5b8c2419d11f63b3892024275eb64bb7242f29a764b2cae2627cf13335','comum'),
(7,'maciel','Maciel','scrypt:32768:8:1$chsarXEqfarahdir$2d08ab3546c43adb00b428633f060613071417c97f9d1068f78873c4c6f89e46fab918db3ae844e1ddbe4388e76740126cd382f5c3ccf67746217b80ca98cc50','comum'),
(8,'lucas','Lucas','scrypt:32768:8:1$1PAhoRqEzFD2R2aJ$d95790cca89d4f5b672d4a231abddacbe8a179af354a4dda7a175c0f7aaad0a9b8f800f1cc7e1e4efe1261435ae2fc7c430f6d5fcc101c093bb5d25bcbe99e81','comum'),
(9,'carina','Carina','scrypt:32768:8:1$ckr2SfubmthaoxkG$31e86346bfeaa6c487e22b518c98e136ef37b7ab9062c8da0e774278dac0d23636650d2dd105f986673194353e17fb99c18e8e36d99d20f96555a03586c39a2d','comum'),
(10,'hudson','Hudson','scrypt:32768:8:1$k35BmmMOI2UblpDu$87cd7e399c02883dfd058171344d22da9fc03b5506cdf26bca91d3711844a190bd88e52ef7682391669a39f74caaa6143b31e3054538e10343e6a5134278636a','comum'),
(11,'lftorres','Lftorres','scrypt:32768:8:1$1WkKOtNp3tQHWbNz$b72a61d40a23c0ec5609d6fa2d513e7f09604fa77e617e5a641ca3d3727c84d5bd1188f89100e3d4057c8c3072aded7599b813fc8bd19d29d07a18f57fdae977','master'),
(12,'ademir-teste','Ademir-Teste','scrypt:32768:8:1$2NyXz52RQ5npVnrb$9ad328e65942f40580f05869bd53af311f773b5a5c17333590689177760432281225f0b4bbc9c502b43c6e099aae79c7941cacf5a0d23f20fc0d1c9c208666f9','comum'),
(13,'flavio','Flavio','scrypt:32768:8:1$uaIDt0tDrXinuPJB$c11af615d0df7f4f4ca35f4902280da871b35dbf3f336f6252a939e3edf66ff0a08591758e64c57dc19ecc55ba39d0743afc1a6a15567f1558eea106a9e93460','comum'),
(14,'marcelo','Marcelo','scrypt:32768:8:1$3L40KxJ682J4nIOT$79f2eb26e73669879f0ac6176b43c7bb3351f52d2f11b994717c4cc531c9277e638df9f8cda4b05a226c3cc7bf9b39ca9b0fadf64a2c2a5dbfd50389e5499e94','master');
/*!40000 ALTER TABLE `usuario` ENABLE KEYS */;
UNLOCK TABLES;

--
-- Table structure for table `veiculo`
--

DROP TABLE IF EXISTS `veiculo`;
/*!40101 SET @saved_cs_client     = @@character_set_client */;
/*!40101 SET character_set_client = utf8mb4 */;
CREATE TABLE `veiculo` (
  `id` int(11) NOT NULL AUTO_INCREMENT,
  `placa` varchar(10) NOT NULL,
  `modelo` varchar(50) NOT NULL,
  `fabricante` varchar(50) DEFAULT NULL,
  `ano` varchar(4) DEFAULT NULL,
  `unidade` varchar(50) NOT NULL,
  `motorista` varchar(100) NOT NULL,
  `placa_1` varchar(10) DEFAULT NULL,
  `placa_2` varchar(10) DEFAULT NULL,
  `data_calibragem` date DEFAULT NULL,
  `troca_oleo_diferencial` int(11) DEFAULT NULL,
  `intervalo_oleo_diferencial` int(11) DEFAULT NULL,
  `troca_oleo_cambio` int(11) DEFAULT NULL,
  `intervalo_oleo_cambio` int(11) DEFAULT NULL,
  `km_ultima_revisao_preventiva` int(11) DEFAULT NULL,
  `km_ultima_revisao_intermediaria` int(11) DEFAULT NULL,
  `km_troca_preventiva` int(11) NOT NULL,
  `km_troca_intermediaria` int(11) NOT NULL,
  `km_atual` int(11) DEFAULT NULL,
  `data_ultima_atualizacao_km` datetime DEFAULT NULL,
  `data_ultima_revisao_preventiva` date DEFAULT NULL,
  `data_ultima_revisao_intermediaria` date DEFAULT NULL,
  `data_troca_oleo_diferencial` date DEFAULT NULL,
  `data_troca_oleo_cambio` date DEFAULT NULL,
  `data_proxima_calibragem` date DEFAULT NULL,
  `data_cadastro` datetime DEFAULT NULL,
  `em_manutencao` tinyint(1) DEFAULT NULL,
  `data_proxima_revisao_carreta` date DEFAULT NULL,
  PRIMARY KEY (`id`),
  UNIQUE KEY `placa` (`placa`)
) ENGINE=InnoDB AUTO_INCREMENT=40 DEFAULT CHARSET=utf8mb4 COLLATE=utf8mb4_unicode_ci;
/*!40101 SET character_set_client = @saved_cs_client */;

--
-- Dumping data for table `veiculo`
--

LOCK TABLES `veiculo` WRITE;
/*!40000 ALTER TABLE `veiculo` DISABLE KEYS */;
INSERT INTO `veiculo` VALUES
(1,'QGW7F14','ACTROS2651','MERCEDES BENZ','2020','SPOT RN','FLAVIO ROBERTO DA COSTA','QGV3D12','QGV3D32','2025-06-12',509977,180000,509977,120000,552061,573122,40000,20000,577130,'2025-10-21 09:09:50',NULL,'2025-09-29',NULL,NULL,NULL,'2025-07-01 10:35:43',0,'2025-09-24'),
(2,'QGW7E84','ACTROS2651','MERCEDES BENZ','2020','SPOT RN','MARCOS DA SILVA TAVARES','QGW7E54','QGW7E64','2025-10-21',480976,180000,480976,120000,501539,501539,40000,20000,516738,'2025-10-21 14:40:22','2025-08-11','2025-08-11',NULL,NULL,NULL,'2025-07-01 10:40:00',0,'2025-10-22'),
(3,'QGW7E94','ACTROS2651','MERCEDES BENZ','2020','SPOT RN','ROSSI DANIEL CAVALCANTE','QGP7F96','QGP7F76','2025-08-04',513802,180000,513802,120000,513802,537070,40000,20000,552335,'2025-10-21 09:13:39',NULL,'2025-08-05',NULL,NULL,NULL,'2025-07-01 10:41:32',0,'2025-09-21'),
(4,'GAP1D62','ACTROS 2653','MERCEDES BENZ','2020','SPOT RN','ALEXANDRE JOSE DA SILVA','QGV3F02','QGV3D02','2025-08-21',NULL,210000,NULL,350000,70089,104777,70000,35000,109370,'2025-10-21 09:10:35',NULL,'2025-09-29',NULL,NULL,NULL,'2025-07-01 10:43:50',0,'2026-11-12'),
(5,'GAP2B81','ACTROS 2653','MERCEDES BENZ','2020','SPOT RN','TARCISIO DE MELO JUNIOR','QGP7G26','QGP7F86','2025-09-24',NULL,210000,NULL,350000,70314,104235,70000,35000,113648,'2025-10-21 09:11:19',NULL,NULL,NULL,NULL,NULL,'2025-07-01 10:45:25',0,'2025-10-17'),
(6,'GAP2B64','530 XF','DAF','2020','SPOT RN','ERINALDO BATISTA DE MEDEIROS','QGP0C27','QGP0B97','2025-08-05',NULL,120000,NULL,180000,120509,120509,40000,20000,135549,'2025-10-21 09:13:19',NULL,NULL,NULL,NULL,NULL,'2025-07-01 10:46:49',0,'2026-02-11'),
(7,'GAT5D32','530 XF','DAF','2020','SMART','ALEXANDRE LIMA','GAT5C91','GAT5D91',NULL,NULL,120000,306519,120000,286316,306519,40000,20000,316170,'2025-10-21 09:11:35',NULL,'2025-09-18',NULL,'2025-09-18',NULL,'2025-07-01 10:48:09',0,NULL),
(8,'GAT5D42','530 XF','DAF','2020','SMART','EWERTON DA ROCHA SILVA','GAT5D12','GAT5E12','2025-10-22',NULL,NULL,NULL,NULL,285501,285501,40000,20000,303946,'2025-10-22 08:36:31','2025-08-01','2025-08-01',NULL,NULL,NULL,'2025-07-01 10:49:19',0,NULL),
(9,'GAT5D62','530 XF','DAF','2020','SMART','KELVES A GOMES','GAT3H61','GAT3H91','2025-08-06',NULL,NULL,NULL,NULL,282250,282250,40000,20000,301193,'2025-10-15 11:47:25',NULL,NULL,NULL,NULL,NULL,'2025-07-01 10:50:24',0,NULL),
(10,'GAT5D72','530 XF','DAF','2020','SMART','ZACARIAS GOMES DA SILVA','GAT5C31','GAT5D31','2025-07-10',NULL,NULL,NULL,NULL,280197,299588,40000,20000,308444,'2025-10-21 09:08:24',NULL,'2025-09-18',NULL,NULL,NULL,'2025-07-01 10:51:21',0,NULL),
(11,'GAT5D82','530 XF','DAF','2020','SMART','ELEANDRO GOMES','GAT5C61','GAT5J61','2025-08-20',NULL,NULL,NULL,NULL,280808,300286,40000,20000,302708,'2025-10-21 09:16:31',NULL,NULL,NULL,NULL,NULL,'2025-07-01 10:52:46',0,NULL),
(12,'GAT5I92','530 XF','DAF','2020','SMART','JOSE EUDES VITOR DA SILVA','GAT5C71','GAT5D71','2025-07-12',NULL,NULL,NULL,NULL,280183,280183,40000,20000,289918,'2025-10-15 16:28:01','2025-09-09','2025-09-09',NULL,NULL,NULL,'2025-07-01 10:53:40',0,NULL),
(13,'QGV7B82','AXOR 2544','MERCEDES BENZ','2020','BACRO','WESLEY NUNES DE MENESES','OJZ2C85',NULL,NULL,NULL,300000,NULL,300000,416984,437200,40000,20000,443458,'2025-10-10 14:09:26',NULL,'2025-08-07',NULL,NULL,NULL,'2025-07-01 10:56:56',0,'2025-10-30'),
(14,'QGV8J92','AXOR 2544','MERCEDES BENZ','2020','BAGAM','JOSE NICACIO TEXEIRA JUNIOR','OJZ1I55',NULL,'2025-08-07',285300,300000,NULL,300000,458459,458459,40000,20000,466911,'2025-10-18 08:55:24',NULL,NULL,NULL,NULL,NULL,'2025-07-01 10:58:20',NULL,'2025-10-30'),
(15,'QGR9H78','AXOR 2544','MERCEDES BENZ','2020','BAGAM','JOSE NICACIO TEIXEIRA JUNIOR','OJZ4C75',NULL,'2025-10-26',276277,300000,NULL,300000,447700,468451,40000,20000,473658,'2025-10-14 11:23:34',NULL,'2025-09-09',NULL,NULL,NULL,'2025-07-01 10:59:59',0,'2025-12-12'),
(16,'QGR9H88','AXOR 2544','MERCEDES BENZ','2020','BAGAM','OBS: CARRO FORA DE ESCALA','OJS2588',NULL,NULL,NULL,300000,NULL,300000,459651,459651,40000,20000,461196,'2025-10-04 09:44:12',NULL,NULL,NULL,NULL,NULL,'2025-07-01 11:01:07',NULL,'2025-10-25'),
(17,'QGQ9F26','FH 460','VOLVO','2020','BAGAM','FABIO SANTOS DE MELO','OJZ2D85',NULL,'2025-08-11',420963,200000,NULL,200000,402287,421997,40000,20000,425887,'2025-10-13 17:01:49',NULL,NULL,'2025-09-09',NULL,NULL,'2025-07-01 11:02:52',0,'2025-11-12'),
(18,'QGQ9F36','FH 460','VOLVO','2020','BAGAM','VALDENI VALDEVINO DE ARAUJO LIMA','OJZ2E15',NULL,'2025-09-03',432785,200000,NULL,200000,432785,452377,40000,20000,452377,'2025-10-21 17:37:54',NULL,'2025-10-22',NULL,NULL,NULL,'2025-07-01 11:03:58',0,'2025-12-18'),
(19,'GAT5D14','25-360','VOLKSWAGEN','2020','BAGAM','FREDSON LUAW DA SILVA DANTAS','OJU1435',NULL,'2025-09-04',181576,60000,118997,120000,181576,195746,30000,15000,202848,'2025-10-21 09:14:17',NULL,'2025-09-04',NULL,NULL,NULL,'2025-07-01 11:05:25',0,'2025-11-23'),
(20,'GAT5C86','25-360','VOLKSWAGEN','2020','BAGAM','SAMUEL DA SILVA TAVARES','GAT5C82',NULL,NULL,NULL,NULL,NULL,NULL,183923,199034,30000,15000,203651,'2025-10-21 09:12:56',NULL,'2025-09-23',NULL,NULL,NULL,'2025-07-01 11:06:14',0,'2025-12-05'),
(21,'GAT9I62','VM 330','VOLVO','2020','BAGAM','JOSE EVALDO DE ARAUJO','GAT9J62',NULL,'2025-08-11',NULL,NULL,NULL,NULL,102277,126913,50000,25000,129454,'2025-10-18 08:53:52',NULL,NULL,NULL,NULL,NULL,'2025-07-01 11:07:08',0,'2025-10-30'),
(22,'GAT9I74','VM 330','VOLVO','2020','BAGAM','ISTANDERLAU DUARTE PEREIRA','GAT9G82',NULL,NULL,NULL,NULL,NULL,NULL,101413,124675,50000,25000,128258,'2025-10-15 11:46:54',NULL,NULL,NULL,NULL,NULL,'2025-07-01 11:08:17',0,'2025-11-28'),
(23,'GAT9I43','VM330','VOLVO','2020','BAGAM','FAUSTO RIBEIRO DE ARAUJO',NULL,NULL,NULL,NULL,NULL,NULL,NULL,101026,101026,50000,25000,115354,'2025-10-18 08:53:33',NULL,NULL,NULL,NULL,NULL,'2025-07-01 11:10:29',0,NULL),
(24,'GAT6J84','VM330','VOLVO','2022','BACRO',' AUGUSTO FRANKLIN FERREIRA DOS SANTOS',NULL,NULL,'2025-10-21',NULL,NULL,NULL,NULL,117133,117133,50000,25000,129234,'2025-10-13 17:03:20',NULL,NULL,NULL,NULL,NULL,'2025-07-01 11:11:28',NULL,NULL),
(25,'GAT7G11','VM330','VOLVO','2022','BACRO','TADEU CARDOSO',NULL,NULL,'2025-10-16',101975,NULL,101975,NULL,101975,101975,50000,25000,106937,'2025-10-02 15:04:08','2025-08-21','2025-08-21','2025-08-22','2025-08-22',NULL,'2025-07-01 11:12:19',0,NULL),
(26,'QGZ7E19','25-360','VOLKSWAGEN','2020','BACRO','NOILTON BARBOSA DA SILVA','NOE7H04',NULL,'2025-10-15',NULL,90000,302520,180000,290771,290771,40000,20000,306411,'2025-10-17 08:36:29',NULL,NULL,NULL,'2025-09-15',NULL,'2025-07-01 11:13:48',NULL,'2025-10-04'),
(27,'QGZ7E29','25-360','VOLKSWAGEN','2020','BACRO','ARISTOTELES DA SILVA QUADROS RAMOS','NOE7694',NULL,'2025-10-21',NULL,90000,NULL,180000,274504,274504,40000,20000,291745,'2025-10-04 09:47:58',NULL,NULL,NULL,NULL,NULL,'2025-07-01 11:15:11',NULL,'2026-02-14'),
(28,'QGZ7E38','25-360','VOLKSWAGEN','2020','BACRO','CICERO PEREIRA DA SILVA','OJU1E65',NULL,'2025-10-01',237776,90000,237776,180000,256928,256928,30000,15000,261851,'2025-10-08 09:40:06','2025-09-05','2025-09-05',NULL,NULL,NULL,'2025-07-01 11:16:44',NULL,'2026-08-06'),
(29,'QGR9768','AXOR 2544','MERCEDES BENZ','2020','BACRO','SIDNEI FERNANDO SINDOR DA COSTA','NOE7G84',NULL,'2025-10-21',419400,120000,406126,180000,408347,408347,40000,20000,419429,'2025-10-21 09:14:01','2025-07-29','2025-07-29',NULL,NULL,NULL,'2025-07-01 11:17:43',NULL,'2025-11-23'),
(30,'RGF6G22','ACTROS 2651','MERCEDES BENZ','2020','SPOT PE','AURILIO TRINDADE DA SILVA','BBT1C62','ABL5G99','2025-06-14',NULL,120000,NULL,180000,219005,238784,40000,20000,244182,'2025-10-21 09:09:24',NULL,NULL,NULL,NULL,NULL,'2025-07-01 11:20:09',NULL,'2026-02-17'),
(31,'RGH2G88','ACTROS 2651','MERCEDES BENZ','2020','SPOT PE','RAFAEL CHAVEIRO DE OLIVEIRA','BDS9I43','BDS9I45','2025-05-20',224791,120000,224791,180000,248789,248789,40000,20000,260595,'2025-10-18 09:00:13',NULL,NULL,NULL,NULL,NULL,'2025-07-01 11:39:26',0,'2026-03-06'),
(32,'GAT2I32','530 XF','DAF','2020','SPOT PE','ALESSANDRO FLAVIO DO NASCIMENTO E SILVA','GAT4948','GAT5958','2025-07-01',252838,120000,130538,180000,252838,272667,40000,20000,279053,'2025-10-21 09:09:00',NULL,'2025-09-24',NULL,NULL,NULL,'2025-07-01 11:40:52',NULL,'2025-11-07'),
(33,'GAT2H94','530 XF','DAF','2020','SPOT PE','HEVERTON M DE ALBURQUEQUE','FSA4304','FSK2034',NULL,NULL,120000,NULL,180000,237433,259770,40000,20000,270631,'2025-08-05 09:26:50',NULL,NULL,NULL,NULL,NULL,'2025-07-01 11:42:15',0,'2025-11-23'),
(34,'GAT3J67','530 XF','DAF','2020','SPOT PE','RICARDO LIMA DA SILVA','FTO6834','FSZ1504',NULL,NULL,120000,NULL,180000,161934,180109,40000,20000,192789,'2025-10-18 08:58:17',NULL,NULL,NULL,NULL,NULL,'2025-07-01 11:43:09',NULL,'2025-10-07'),
(35,'GAT5H91','530 XF','DAF','2020','SPOT PE','ANDRE GUSTAVO DA SILVA','GAT7675','GAT8685',NULL,NULL,120000,NULL,180000,78123,100941,40000,20000,105151,'2025-10-21 09:08:42',NULL,NULL,NULL,NULL,NULL,'2025-07-01 11:44:07',NULL,'2026-02-12'),
(36,'GAT6A83','530 XF','DAF','2020','SPOT PE','EVERTON LUIS DE ARAUJO SANTOS','FUZ6268','FUF9728','2025-06-23',NULL,120000,NULL,180000,80207,99718,40000,20000,117544,'2025-10-21 09:07:39',NULL,NULL,NULL,NULL,NULL,'2025-07-01 11:45:49',0,'2026-03-06'),
(37,'GAT6I73','530 XF','DAF','2020','SPOT PE','SERGIO LUIS DA SILVA','FTF9B35','FUB9G35',NULL,NULL,12000,NULL,180000,121662,121662,40000,20000,136902,'2025-10-21 09:10:55',NULL,NULL,NULL,NULL,NULL,'2025-07-01 11:46:33',NULL,'2025-11-13'),
(38,'GAT4I12','540','SCANIA','2020','SPOT PE','JOSE FRANCISCO DA SILVA JUNIOR','GAT6786','GAT6986',NULL,NULL,120000,NULL,180000,168745,168745,30000,15000,181525,'2025-10-21 09:12:02',NULL,NULL,NULL,NULL,NULL,'2025-07-01 11:47:38',0,'2026-02-12'),
(39,'GAT4H53','FH540','VOLVO','2020','SPOT PE','GILCLECE MEDEIROS BATISTA','FUY5825','FUU0705',NULL,NULL,NULL,NULL,NULL,215096,215096,40000,40000,225094,'2025-10-18 08:58:35',NULL,NULL,NULL,NULL,NULL,'2025-07-01 11:49:23',NULL,'2025-12-06');
/*!40000 ALTER TABLE `veiculo` ENABLE KEYS */;
UNLOCK TABLES;
/*!40103 SET TIME_ZONE=@OLD_TIME_ZONE */;

/*!40101 SET SQL_MODE=@OLD_SQL_MODE */;
/*!40014 SET FOREIGN_KEY_CHECKS=@OLD_FOREIGN_KEY_CHECKS */;
/*!40014 SET UNIQUE_CHECKS=@OLD_UNIQUE_CHECKS */;
/*!40101 SET CHARACTER_SET_CLIENT=@OLD_CHARACTER_SET_CLIENT */;
/*!40101 SET CHARACTER_SET_RESULTS=@OLD_CHARACTER_SET_RESULTS */;
/*!40101 SET COLLATION_CONNECTION=@OLD_COLLATION_CONNECTION */;
/*!40111 SET SQL_NOTES=@OLD_SQL_NOTES */;

-- Dump completed on 2025-10-25 12:56:07
